{"cameraMode":{"drawMode":0,"name":"Shaded","section":"Shading Mode"},"sceneLighting":true,"audioPlay":false,"sceneViewState":{"showFog":true,"showMaterialUpdate":false,"showSkybox":true,"showFlares":true,"showImageEffects":true,"showParticleSystems":true},"in2DMode":false,"pivot":{"x":42.56062316894531,"y":-11.982268333435059,"z":2.2944672107696535},"rotation":{"x":0.11528734862804413,"y":0.6809132099151611,"z":-0.10981517285108566,"w":0.7148473262786865},"size":49.91935729980469,"orthographic":false}